{"cameraMode":{"drawMode":0,"name":"Shaded","section":"Shading Mode"},"sceneLighting":false,"audioPlay":false,"sceneViewState":{"m_AlwaysRefresh":false,"showFog":true,"showSkybox":false,"showFlares":true,"showImageEffects":true,"showParticleSystems":true,"showVisualEffectGraphs":true,"m_FxEnabled":true},"in2DMode":false,"pivot":{"x":-0.0000034570693969726564,"y":0.09401369839906693,"z":-1.1920928955078126e-7},"rotation":{"x":0.06701045483350754,"y":0.9209702610969544,"z":-0.3394193947315216,"w":0.18168500065803529},"size":2.8301289081573488,"orthographic":false}