{"cameraMode":{"drawMode":0,"name":"Shaded","section":"Shading Mode"},"sceneLighting":true,"audioPlay":false,"sceneViewState":{"m_AlwaysRefresh":false,"showFog":true,"showSkybox":true,"showFlares":true,"showImageEffects":true,"showParticleSystems":true,"showVisualEffectGraphs":true,"m_FxEnabled":true},"in2DMode":false,"pivot":{"x":219.65525817871095,"y":375.6754150390625,"z":-147.41635131835938},"rotation":{"x":0.18291404843330384,"y":-0.0944589376449585,"z":0.017671506851911546,"w":0.9784614443778992},"size":0.08592762053012848,"orthographic":false}