{"cameraMode":{"drawMode":0,"name":"Shaded","section":"Shading Mode"},"sceneLighting":false,"audioPlay":false,"sceneViewState":{"m_AlwaysRefresh":false,"showFog":true,"showSkybox":false,"showFlares":true,"showImageEffects":true,"showParticleSystems":true,"showVisualEffectGraphs":true,"m_FxEnabled":true},"in2DMode":false,"pivot":{"x":-0.035877909511327746,"y":0.17951197922229768,"z":-0.6575254797935486},"rotation":{"x":0.2785187363624573,"y":-0.6517830491065979,"z":0.2801077961921692,"w":0.6480343341827393},"size":0.1778683066368103,"orthographic":false}