{"cameraMode":{"drawMode":0,"name":"Shaded","section":"Shading Mode"},"sceneLighting":false,"audioPlay":false,"sceneViewState":{"m_AlwaysRefresh":false,"showFog":true,"showSkybox":false,"showFlares":true,"showImageEffects":true,"showParticleSystems":true,"showVisualEffectGraphs":true,"m_FxEnabled":true},"in2DMode":false,"pivot":{"x":636.9722900390625,"y":14.334434509277344,"z":741.1221923828125},"rotation":{"x":-0.15980899333953858,"y":-0.005630674306303263,"z":0.0009117140434682369,"w":-0.9871304035186768},"size":719.364501953125,"orthographic":false}